title,image
"‘Zwaarste storm van 2025’ nadert Jamaica, overstromingen en aardverschuivingen verwacht",001.jpg
Rechtszaak tegen Marco Borsato na lange aanloop van start,002.jpg
"Trump ontmoet kersverse Japanse premier Takaichi: 'We krijgen een fantastische relatie'",003.jpg
Lijsttrekkers gaan er in EenVandaag Verkiezingsdebat met gestrekt been in,004.jpg
"Björn Andrésen overleden, 'mooiste jongen ter wereld' uit Death in Venice",005.jpg
"Laatste campagnedag aangebroken, vanavond NOS-slotdebat",006.jpg
"Braziliaanse oud-president Bolsonaro in beroep tegen gevangenisstraf van 27 jaar",007.jpg
Zelfrijdende asfaltwals als oplossing voor personeelstekort: 'Onderhoud moet doorgaan',008.jpg
Cruciale Oekraïense stad Pokrovsk onder steeds grotere druk door nieuwe tactiek,009.jpg
Italië eerste land met helmplicht voor alle wintersporters,010.jpg